946775045,946775278,946775377,+1 737-090-7203,(+1)910-278-7154
946783936,946783598,946783601,+1 133-364-6552,(+1)692-034-8975
946785076,946784806,946784888,(+1)910-278-7154,+16078516279
946791739,946792653,946792753,+1 133-364-6552,+1 607-851-6279
946801100,946800104,946800109,(+1)564-863-5486,+18608724886
946807235,946806291,946806343,+16760652461,(+1)860-872-4886
946808252,946808978,946809023,(+1)676-065-2461,(+1)676-065-2461
946813862,946814518,946814602,+1 607-851-6279,+1 737-090-7203
946821146,946821237,946821257,(+1)133-364-6552,+11610112591
946831014,946831393,946831452,+1 910-278-7154,+1 692-034-8975
946839392,946839966,946840066,+1 692-034-8975,+1 692-034-8975
